[
    {
        "name": "Beginner Pack",
        "price": 100,
        "words": [
            { "id": 1, "name": "bob", "definition": "A sweet fruit that is usually red, green, or yellow." },
            { "id": 2, "name": "fake", "definition": "A long curved fruit with a yellow skin and soft, sweet, white flesh inside." },
            { "id": 3, "name": "cat", "definition": "A small domesticated carnivorous mammal with soft fur." },
            { "id": 4, "name": "dog", "definition": "A domesticated carnivorous mammal with a barking sound." },
            { "id": 5, "name": "elephant", "definition": "A large herbivorous mammal with a trunk and tusks." }
        ]
    },
    {
        "name": "Intermediate Pack",
        "price": 200,
        "words": [
            { "id": 6, "name": "bicycle", "definition": "A vehicle composed of two wheels held in a frame one behind the other." },
            { "id": 7, "name": "computer", "definition": "An electronic device for storing and processing data." },
            { "id": 8, "name": "pyramid", "definition": "A monumental structure with a square or triangular base and sloping sides." },
            { "id": 9, "name": "giraffe", "definition": "A tall African mammal with a very long neck and forelegs." },
            { "id": 10, "name": "helicopter", "definition": "A type of aircraft that derives both lift and propulsion from one or two sets of horizontally revolving rotors." }
        ]
    },
    {
        "name": "Advanced Pack",
        "price": 300,
        "words": [
            { "id": 11, "name": "photosynthesis", "definition": "The process by which green plants and some other organisms use sunlight to synthesize foods from carbon dioxide and water." },
            { "id": 12, "name": "antidisestablishmentarianism", "definition": "Opposition to the disestablishment of the Church of England." },
            { "id": 13, "name": "quintessential", "definition": "Representing the most perfect or typical example of a quality or class." },
            { "id": 14, "name": "onomatopoeia", "definition": "The formation of a word from a sound associated with what is named." },
            { "id": 15, "name": "ubiquitous", "definition": "Present, appearing, or found everywhere." }
        ]
    }
]
